Age,Balance,Salary,Tenure,Num_Products,Credit_Score,Gender,Exited
1.6919544301237488,0.33029086313314077,-2.488562261791484,-4.181512254066368,-1.9409125814183645,0.07140842141717174,Male,1
1.053365658057137,-1.8055572614170154,1.3738078274271044,1.427951312393073,-1.5352273560111938,2.86203306744403,Female,1
1.0585541951837496,2.4793894187099115,2.2671801950982227,1.7261358416463979,0.7700356334309912,2.2273509013141566,Male,1
0.8747488897756657,-1.2567613448956396,0.5854907437496162,0.9305546988447732,-0.4289065275724978,-1.3544500335573249,Female,0
-1.7588275209004824,1.5168128671298737,0.3578383486710236,1.3895801118124367,2.2090146578768244,-0.06104843879174049,Male,1
1.3748843622961455,-0.5589947278819981,0.3400593668608015,0.3046682314167304,1.661183157175214,-0.3947703787419504,Female,1
-0.703317313061663,-1.6229275808300976,0.35343086648641237,-1.96827890930299,-0.6579617668897034,0.05765903019804042,Male,1
-0.3814454281702395,0.029965440097251415,0.1970268328773009,1.273382399145782,0.9410250358936084,1.2719098102524427,Female,1
1.5106721954554816,0.7941400600761793,-0.2202546014960882,0.37005881007864794,-0.8177623334073002,-0.52500229698563,Male,1
-0.18981685675743476,-0.2714814676069348,0.15552242595499616,-2.8657752913935726,-2.2388844262458565,-1.8240897375481229,Female,1
1.5728265859262072,-0.7385354255011861,-1.0920457994509594,-0.15142315806340156,-0.5522816603488218,-0.919799887992869,Male,1
0.3371029316397042,-0.4177797974317798,0.9422381514973616,-1.9954507954011353,-1.741163024134635,-1.3747285929428315,Female,1
-3.4289745921884003,0.6624810601645157,-0.8662269480072499,-0.271615273453246,0.204013876627813,-1.0945734084238528,Male,0
1.375140044408904,0.13315121142428596,0.301420515516767,-0.7667470873717432,-1.4917313927656142,-0.44529219123130237,Female,0
-2.981791631491972,0.22650864967201126,0.2550533488895766,0.9184186320278801,3.1632223329909945,-0.6493028077850429,Male,1
0.47377514869247284,-0.5399876357256903,-1.0919754746661545,0.8302580343378305,-0.10033275724700541,1.7902206382204175,Female,1
2.000070200577121,0.042482538923175224,-1.0038910792188394,-2.86441062678338,0.46769465711879765,0.8636926935223035,Male,1
3.27217974894718,-1.2960236202513922,0.5070812587595488,-0.3886601103599422,0.07451116419060466,1.8658406139530967,Female,1
-0.3775308165733674,1.497368970934125,-0.5045524370842177,-0.5569183816534173,-0.3430369158995865,-2.1560453022208046,Male,0
0.38674062192115954,0.6392695378569174,-1.466207830896165,2.1303935718662297,-1.5071654350488823,-1.547292129578823,Female,0
1.1145577717205462,-1.4149758718760481,-1.2998942792963248,-0.29749571101210126,0.5185383121868306,-1.4658444682308402,Male,0
-0.970755660874487,0.9775680321615458,-0.7528447693857241,-2.935915794353532,-3.355193128816909,-3.066443772586052,Female,1
1.2404062361810593,-0.7285450223200068,-1.2780584791178016,-0.4654672096318968,-0.750275115550312,-1.3253526404342075,Male,1
1.8168467862344775,0.37427818048114503,-1.8385068318025504,-1.6424350900877824,-2.2837463515535874,-0.8476836412760046,Female,1
-0.4963397368476008,0.8735164244697508,-1.4922687866598638,1.2759197689806516,0.08274503483730622,1.2343699019966299,Male,1
-1.1058606052751416,0.43388085090023226,-2.6267862573507106,0.27769640609709634,-0.014375962045554136,0.43209906606025483,Female,1
2.259524982969083,0.5718780661783558,-0.7487835886440163,0.21689257993390765,-0.8898024650885212,-0.7169069804238153,Male,0
0.18274370236153004,-0.13404658325719543,-2.407344206983942,-0.5388459361761075,-0.6626273983126086,-1.740902417627703,Female,1
1.4426669250640767,0.1130961378202375,-0.9393267378659398,-2.764036278311191,-1.065425350430814,-0.4336924948223102,Male,1
-3.1252466861321215,-0.46040661563924223,0.8647446916408404,-0.6581201068242015,-0.09593932240514413,-0.07580465278516801,Female,0
1.1223759640115532,0.2662837304486303,-1.8087470156422523,-1.3705864360011928,-1.3052018329662487,-0.481956133813244,Male,0
-0.4161281003835501,-0.304804089517739,0.7389154710436832,2.018573975343111,0.3430371940553637,0.9225887056648184,Female,1
-4.021929342984621,-2.924925179196677,1.247811197916247,-1.5493981845696534,-2.7739249879314922,0.19931813679369137,Male,0
1.5859840366971114,-0.35504864437215156,1.278329470318716,2.144438791628062,-2.2226721712628255,-0.07786119456841067,Female,0
-2.1456042835969606,-0.14200761302952686,-0.7588521310376378,1.8516004551406633,2.5235927865341807,0.1688073785969515,Male,1
0.9019186630391707,-0.7573105136779609,0.6480883646604091,-0.6766720890860529,0.4887441552438623,-1.921186182582458,Female,0
-1.4991026959137692,0.8119403283952916,1.337831020966117,-0.7723161293179833,-1.4680948857380907,-2.248633840790056,Male,0
-1.1368677911407499,0.13829868978581025,-0.33991450576921695,-1.426988897102521,-0.6320477772518797,1.2470108961237907,Female,0
0.7576955082146125,-0.19081740545434528,-0.03687956134379011,1.5507443054919565,-1.8191460526704344,-0.18419172374164983,Male,0
-1.5100636632746554,0.2180755086527237,0.020947365525143383,-1.3079143758172829,2.2988500386968935,1.4699264496905917,Female,1
-0.9372112196014013,-0.9123874525123897,0.1884677290662768,2.2312064078236005,0.6935129884416469,1.354073166355937,Male,1
1.5974192859055638,0.4244730942479096,-0.16809346596524435,-1.3241538298886706,0.15749707139533897,0.1136010427983476,Female,1
1.7406256904664958,-0.39643582943141487,1.3966284795073118,-1.6041964979404455,-1.9441318743240317,-0.4224641330431337,Male,1
-0.18811324976325638,1.058504300451178,-0.48037749098032195,-1.1653671683458393,-1.2421140807915463,-1.105645557496101,Female,0
-2.0199058304269464,0.9262443215248913,-0.4735712337713081,-0.9284694779653601,0.30084319300816187,0.9860147128279764,Male,0
-0.9634196248780778,0.856450680015159,1.763557440006718,-0.29833822467427695,-0.7824456891031965,-1.6138100602492562,Female,1
2.071959684506115,-0.9882688581768089,-1.7827047434480237,-1.3134133508392258,0.9063966717068641,1.6427309748504677,Male,1
1.6204503110672266,-1.6999597206830213,-0.25939175593725616,1.0070493124726168,-1.4361202062592364,0.4433099591076495,Female,0
1.5403873651283342,1.4990344046594257,0.0004212592371184664,-1.5877522735878573,-0.64500560629532,-0.5960741557711953,Male,1
0.49426696734175857,0.26429782197543344,0.7251994726731844,2.418759742324344,-0.4696403239816085,1.587061286365981,Female,1
1.509038222647754,0.9425685485361891,0.8604560484222035,0.08414766482212721,-1.08044851967283,0.27352020798982446,Male,0
0.0855141953315195,0.07997649477807062,1.6117905913123958,2.027125276676469,0.5571989779981427,0.4655716069233443,Female,1
-1.1024149112899964,1.4615262062765033,-0.872153679193295,1.6005284779818603,1.821534314596412,-0.027878505101864626,Male,1
1.2771894016998542,-0.817401811088721,0.4356749109059113,-2.664866975471958,-1.5777811241569273,-0.2270711612153189,Female,1
0.24380780201746366,-0.06700714194351028,-0.5713742214499119,-0.0950200678699944,0.4167286867855362,-2.1572875172771155,Male,0
-1.197694919260551,1.0541286760189787,1.4935827693088695,-1.1014910266171287,-0.8325346610400137,-0.6715210053416288,Female,1
-2.2312601039265485,-0.560186525218209,-2.0224615847208947,1.2501959388959096,2.6493444143958262,-0.8393189298451058,Male,1
2.237990087093336,0.6544924900712037,0.005833546665433634,0.6077813023572932,0.38721477281917127,0.6689465014036156,Female,0
1.7759587159142054,-0.039004200618653756,0.2224341369699279,0.6375849385860175,0.010690993952797045,-0.7697567741561501,Male,1
-3.3250050035372998,0.4383825801284031,-1.0317170119335606,-0.09225066664168524,-0.7126092503960845,-3.052772146144041,Female,0
0.85734830545399,0.34981234254886373,0.5770258266684529,3.242596265120475,-0.7477053592070125,-1.037348677922787,Male,0
1.4747647425328791,0.24324456985562717,0.7176907414394635,0.2905889901459223,-1.7943561290045853,0.49955697667506627,Female,0
-1.9963877610966598,0.7469234690710594,1.9564182531884509,1.2143462839099595,0.5078486317288056,0.36825258711372133,Male,1
-0.688540582853621,-0.6490537204283726,-0.3466533614301105,3.2118308409037373,2.2820156391851407,0.03246103657147914,Female,1
1.3157475297023316,-0.8343641789960169,1.1714263477638722,-1.734346966738367,-1.9485140140974124,-0.5210568146820083,Male,1
2.0033471143766377,0.5690792595356432,1.2325248831179065,-2.073729951197161,-1.7993061088378963,-0.9858758283758999,Female,1
2.3813529562337257,-1.4101410049803234,-0.7805400982293256,0.2485806830373698,0.7785972385053539,0.4795715698472265,Male,1
-0.07915958020870639,-0.10910851765256904,-0.488597581992664,-1.3966345104967046,-1.5134719228233977,-0.5771415632432171,Female,0
0.5663493749200894,-0.8469123283169792,1.7198462111025852,-0.9203177025343746,-1.9443191927056942,-0.8716745459680427,Male,1
-0.728263206083036,-0.5745469761338794,-0.4198634610863194,-0.04482264131871205,0.6912734026868061,0.5374299651165255,Female,1
-0.3348558783732323,-0.9731153602213203,-1.877442885236109,-2.2739922959617127,-2.036512679002875,-1.1760317288202617,Male,1
-2.4512933000996173,-2.57388211506442,-0.2543767758055499,2.456867186622731,0.4890231605826124,-0.13229222936550022,Female,1
-0.6676000781832494,-0.4746977696370589,1.0331185153998403,-0.7840211614500371,-0.8274373910047165,-1.6004301905009184,Male,1
-0.4661415313791861,1.4690233975407674,-0.35794383140131436,1.8741554073812108,-2.3089600293994197,-3.7825818269182254,Female,0
1.0409448443023228,0.20664643809833885,0.7384908326063404,1.8394985438940537,-3.152547023831613,-0.49766957555701097,Male,0
-0.49991145125167147,-0.6283840909951381,-0.3216625150584195,0.01652356538371358,1.1595480493967092,1.584329257252843,Female,1
0.9434569400419736,-0.5030805391046554,-1.2500684892063942,-1.4266460294572327,-2.6908843406754146,-2.062602280869257,Male,1
0.29510593544654673,-0.5034210533268308,-0.14160981015580998,-3.104223587533991,-2.313365756769874,-0.9450937991454768,Female,1
2.9014390828344814,-0.9729497793166654,0.20944693229641737,-1.9123900095315607,-2.2965147881717165,-1.5235552445747882,Male,1
2.2607700936907533,0.7576628729399759,-0.007515364270778083,1.1305748526021804,0.8253541399314055,0.866302911686057,Female,0
3.2413557259925434,0.597731708113624,1.2999740467257528,-1.6318522320179922,-3.154246462467924,-2.1767566262730655,Male,1
0.9412041846821388,-0.596395217935485,1.0742676129098663,-3.395969908561481,-2.0937580133540945,-0.015712994027031524,Female,1
-2.7875224742589806,1.002085216590409,0.5171968345390136,-1.1637715601743717,-1.1537698492756256,0.28704173439268876,Male,0
-1.0204104619893406,0.768179564462847,-0.33317166483092703,-2.3846158351113154,-2.283795490980572,-3.139109686966718,Female,1
0.49915589915680614,-0.13045986903936505,-0.39530547743974637,0.9900005007231041,-1.0676814692414245,-1.7768140824868839,Male,0
0.00950423039980186,-0.004824621905130248,0.7730133622538113,-1.6284359428333923,-1.1287134566342685,0.9056288951770015,Female,0
1.883100954425962,-0.44415535763277153,0.32937314558352676,-0.4082105620779881,-1.04167018850292,0.9066357086378378,Male,0
-1.5319318404419349,0.3411273134397087,-1.2875190260592986,0.41457692757016495,-0.7470228418079292,-1.6228854468031182,Female,1
-0.0795620118699969,1.765709266450403,-0.6278832144417893,-0.15489705304904988,-1.990024884189337,-2.648876831952284,Male,1
-1.4082563000069093,-0.6199341874048961,2.407377583931219,-0.06933044082166873,0.9205255265376184,-1.9286569858309326,Female,0
0.10498175572938417,-0.4329008187851472,0.314448917351962,0.2827203891600192,1.4702106823653076,1.8918229986065924,Male,1
-0.7666902800506064,2.0236005675424753,-0.2821000200372859,1.368052642534624,-1.2901303284270442,1.8401026055494736,Female,1
0.1259134545762962,0.6024660957009005,1.0418521437480288,1.9316663733633823,-1.2521829221197909,-1.4227142188017732,Male,0
2.1078017608588615,1.3317569703945535,0.0438733598289749,0.6162703380495661,-0.16133662073288668,-0.011651980598825218,Female,0
2.033926657363302,-0.4193155453317213,0.2490116763645237,2.693845297471141,-1.1097518659941188,1.0727882426788082,Male,0
-0.4604784768758716,-0.6809510758067541,-0.9017815867008206,0.7686512503350424,-1.6754350608788275,-2.0088769212821793,Female,1
2.237410058388443,-1.6646097350337665,1.6261427987831114,-1.1222561057764298,-1.4125575385411155,-0.9469157562992945,Male,1
3.838289090485571,0.7372913165470523,-0.1586166770513216,-3.202572902224484,-4.89952342485326,-3.028490668067858,Female,1
1.2211639144492066,0.17218409224015727,-0.06791473756253315,1.5172821598233521,-1.2675385768974579,-2.3892997827385223,Male,0
-0.5113868423160873,-0.26899450730334135,1.565171932528877,-1.803707363141767,-2.7401067442611993,-0.4212008353423372,Female,0
0.28769953564513573,-1.4869359725271176,-1.3985196480651843,-0.10766509494538967,-1.168821168975175,-2.305907934429041,Male,0
-2.016016498986168,-1.880443055124838,0.49317200320172117,1.660768002005243,0.06571409026698727,-2.308999401653367,Female,1
0.33432631948121605,1.8823618585134785,0.7863127098804469,-1.257201188640848,-1.9970905696877481,-1.9735965155690907,Male,0
-1.6442815502917782,-0.5572803003627007,-1.4568378693933226,-0.04156385812664265,-0.2575590155960933,-3.421317736889377,Female,0
0.7617723866014479,0.3712128680568303,1.1532385785452397,-0.9871097782692572,-0.5857302479446798,-1.2979496161866517,Male,0
-2.5057719096735536,-1.748381656140865,0.13309373513678405,-0.8112516750846228,-1.0463668324998288,-1.090711701954013,Female,0
1.5027248260099832,0.7490898442530696,1.108788382475365,1.3410491327256575,-0.3975206214071163,-1.9144700414825717,Male,0
-2.8157617458948914,1.9124094099167985,0.864154213470886,1.9695328536805685,3.0626896577335048,-0.6379585051669214,Female,1
-3.3087137048016717,0.7828371647378921,-1.4397742131100844,-0.36338159557751104,1.0299776071598017,0.3094623063804953,Male,0
0.5812791221322788,1.8967381819965747,-0.7231156306389472,-0.038242797624196356,-2.7054642003952933,-0.7923786132874059,Female,0
-2.583268689723623,0.2917303772534079,-0.18317826890522865,0.3063535722251485,1.1865252049443984,-2.4224605864746085,Male,0
0.18452101690404743,-0.3665010555121015,-1.2801253069331895,-0.6119816870847727,0.11383063248770764,-1.0302852684477233,Female,1
-2.5964868804451395,0.6771597120657875,-0.36536299077273116,-1.5000989605903334,-2.4217891279603476,-0.21431983998700654,Male,0
-0.2518817020579417,-0.35349544620168666,-1.0381691470869339,-0.9636019799710487,-1.639443243431589,-2.341355220732741,Female,0
-0.2026664858046301,-1.8795606280100219,-1.1890728658038474,-0.6520588995327579,-0.24980736446659024,-1.755576625651356,Male,0
2.0596229071302044,0.11643824066339366,-0.1010387768819228,2.053713071036002,-1.0982471532868372,1.7693126202686096,Female,1
0.498954112142478,1.705642942525445,0.11924332929589004,-1.7030535616673619,0.15648862820290876,0.2560721940114197,Male,1
1.756372625529183,0.5301913073429116,-1.9584415421346377,-0.7316771477309252,0.9630941014432501,0.8067725284057634,Female,0
1.5194005778380775,1.2914035482160082,-3.3868137614883,-0.8983490122853566,-1.9029131768439682,-2.2259227392528396,Male,1
0.14307985805737555,-0.6989504394636011,1.2522129097598176,-0.07664700148500325,0.3723741428655001,-3.366271697087244,Female,0
1.7610951305975129,1.6281495457568582,0.7559251916437938,0.5178822194742738,-0.9627257939870747,0.4042096663826267,Male,0
1.3095133637661516,1.435435785839352,-2.209351605823344,1.0891576755186803,-1.2119550595513333,0.7719381846054545,Female,0
0.2388001596972894,-0.7670175269020002,1.4776818779376781,-0.531082631745478,-0.6378972615685399,-0.37539545887268755,Male,1
1.4715054190337713,0.3157358988773569,0.3056292304581544,-0.6636160842523648,-0.46153660374258254,0.5216345069649089,Female,0
-2.6724619027033087,1.6165704941174162,-1.0987024773847005,-0.612789102234522,-0.11109756607646915,-0.5167116264186196,Male,0
-0.028183343959680918,1.3493250629458442,1.661441013728396,0.9906189588590049,0.5410750263480084,1.4043028204142116,Female,1
0.40399488248535675,-0.6075263423464762,0.7607696419593537,-1.6373652103751826,-1.3384851615747144,0.3961791346748931,Male,0
-0.6136727609699191,-1.9334411067859811,1.688793913309905,-0.9587187763871632,0.05749038249294247,0.07855029674541303,Female,0
0.19631891776145838,0.4455388465290052,1.1111993566532803,0.8472353390930459,-2.841259178979385,-1.2393760709045933,Male,0
-2.200286970024773,0.43483122076684505,-0.32275102611843537,0.7268140415987268,2.257049287623892,0.8888033874836162,Female,1
3.52946859650553,-0.510334983207748,0.21174971808112725,-1.7750830265288082,-2.633059382880405,-1.8179322478388829,Male,1
-1.1103798440786765,1.670162587348925,-0.4358189771662314,1.5633115011474847,0.5675184544529481,1.0854738536231867,Female,1
-1.3845498477683713,-1.0790755000679764,0.5891393590279725,0.14724036461473544,2.149106369930302,1.5988763648176096,Male,1
-0.4277583541203883,0.8328993285973896,0.25178770689393903,-1.3361683231264203,-1.224497763416418,-0.27678190364684174,Female,0
0.45304084541192646,-0.897046430645255,-0.6730468451270122,2.840348208019381,-0.46963965487594217,-2.2319921671752,Male,0
-0.6464807801020304,0.6967309092318439,0.9890742106954769,0.9933398414775181,-0.6791732947613272,0.9036302055313254,Female,1
-0.16913467433800955,1.0499842925713831,-0.31778060433606964,-2.083820269713188,-2.9423254530051643,0.279521792399261,Male,0
-0.8809225293315714,2.289805797460459,1.927569385178195,-1.827182145146753,-2.142115650000902,-2.2512704060679423,Female,1
1.8663527838092424,-0.0486068948728155,0.4486131033181622,-2.0071641592225102,-2.045516142580261,-2.50708966581191,Male,1
1.064283934672816,-0.8130121217203724,0.7339892274185661,0.4611398423263633,-2.1739642453377535,0.10715047945075828,Female,0
-1.1601248400955442,0.09430857892896574,1.7274827380309878,0.9458878929335552,0.5384787156855204,0.5485314423618141,Male,1
-2.0329414065470797,-0.8639591168352135,-1.383453518068656,0.23503420160911603,2.0456781519106717,0.5610952775964457,Female,1
1.114161141635019,0.5821670444800581,0.15716234986881794,2.017247207294151,-2.870643457478235,-0.8215022146706554,Male,0
0.5299801797239156,-0.48839173081703213,0.4201179982519729,-0.15257265211156712,-0.1604189611135558,2.8434189484019914,Female,1
1.092653041326318,0.054020726047489774,1.3466658228367874,-0.36045328470409355,-1.649090867293764,-1.979220760074384,Male,1
-3.518246843705955,0.5623166206232582,0.4172634478581861,-1.2759579851706915,-0.31341544724077,2.1721190811636877,Female,0
3.0727031809823737,1.219503568712245,1.036201832131722,-3.4274684064090337,-2.460607251222627,0.05333412801224191,Male,1
0.5106857188266261,0.7372525329431979,-1.091611194628208,0.3924577269794127,-1.1141207352350633,2.693117869219659,Female,1
-0.3718520042359188,-0.026636644445163456,-0.588236459587683,0.45202605135178187,-0.49433291553912284,-3.446807095251054,Male,0
-1.78369887328871,0.31353796728351535,-0.8814336084580743,-1.8384017496841354,0.45797635868257314,-0.2105837330111161,Female,1
-1.2068272790807448,0.3597367643574598,0.16870626109520295,2.6482662301234843,-0.19900482762330407,0.6074333737396089,Male,1
1.8032434985955197,-1.5247054499878059,-1.3535598561343933,-2.007832743202783,-1.9095522117683115,0.45114330486562704,Female,0
1.8585895632435854,0.1546084295207779,1.18004536881117,0.5632476657948052,-1.557714249873232,1.8228049331042184,Male,0
-1.1423055300050897,-0.05653974398173432,-1.3022392090163228,0.22110703158602685,1.7406779943650452,1.2434618161986692,Female,1
-0.7022919775658478,0.27861919206591823,-1.4273335895154653,0.6883467994848244,-0.10120885301127802,1.3807475205082622,Male,1
2.647591021529303,0.4049140989591295,-0.042335658198237126,-0.2833837131674093,-0.764424849542003,-0.3243419187666402,Female,1
-2.1533499656150648,1.6216000997663216,-0.621627174035903,-0.5657722351619939,-0.6164851132520301,-1.6266355571036382,Male,0
2.221649028708889,0.15744792496076662,-0.48635689354981293,0.6549013225308619,0.23634598684725305,-0.10584727285232531,Female,0
-1.4346961169277623,-0.5491469770457174,1.269678839602134,-0.16165006626984812,-0.6502549708362247,-3.6632110044858512,Male,0
1.2988693188488845,-0.6032078961176216,-0.6365257231756023,0.22062760575898877,-1.5277099866330872,-0.6300390300171327,Female,0
-1.6084331567384573,0.2859186604759825,-0.8189966901586768,-1.491503818565684,-2.3340620609461,-0.5285618524276567,Male,0
1.188511939873523,-0.41063469198080127,-0.5073836817460986,0.5838001659158037,-2.2081811860005227,0.9909369615468084,Female,0
-0.4239251370308058,1.2462673431229843,-0.5620903253041943,0.8586817785413888,0.08344420446734313,1.5511617039422416,Male,1
-2.2479057903554187,0.15161882736063023,0.025426702611634773,-2.0544810112914442,-3.536700781316508,0.3064783994743119,Female,0
1.9858393611882423,1.0641141833347134,-0.09938033012642304,1.197503309582742,-2.7398887304143855,1.5429913680838765,Male,0
-1.3698954433375332,-0.41445810177032616,-0.608586086006421,-0.7760399242022906,-0.11885870838227608,-0.47664358224448145,Female,0
-2.4937387210512933,-1.4187085375474735,0.21364588151247146,-0.7065940882927972,-0.6007545756022161,-0.9406767007095858,Male,0
-1.5658694025202626,0.6647140863088895,0.09096897677540905,1.8393357301366073,0.44441405542365175,1.0275509488608838,Female,1
-1.967838187496934,1.0907235861498341,1.290515418870559,2.5407455239473915,1.4190863436706134,0.2964853322071471,Male,1
1.3226649925947824,1.126296559324147,0.7732543213170501,-1.3779032442407324,0.687725782390814,-0.868826123287701,Female,0
-0.17525825581882826,0.937391149279786,-0.2233505408837356,0.7131081557960286,-2.8539311374429346,0.6965688363987808,Male,0
-2.562573616253765,-1.425593315478103,0.8129142448974712,1.1100902140271067,1.9215251403062097,0.09665701058757747,Female,1
0.05068696228058256,1.4475869245124284,0.10617496974650213,-0.3407055689603149,-0.7446852538203365,-1.4844357221120943,Male,1
3.0990193392496455,-0.9244972092556034,0.33016684119296735,-0.9146438436170834,-3.6402761784667232,-2.79285533443924,Female,1
-0.7262512025730956,1.8822922338341885,0.009931019733270987,-0.062360616362226784,0.8756017576017145,-0.207543930466341,Male,1
-1.1925808963127393,-1.689058449328896,-0.7193199901295528,-2.5066537431144527,-3.764357405147523,1.2866892227196702,Female,0
1.1710061183804201,-1.2314687485942084,1.3074841895433447,0.4021779830237704,1.4473315263062139,-2.304014632557358,Male,0
-0.5614497538341896,1.2084505080181531,1.7028270060092783,2.174246258187975,-0.015176815028020707,-0.07273886287525722,Female,1
0.4276353499721077,-0.7054256480791758,0.06231564543053688,-1.1302272012024823,-1.0266617369483695,-1.2300151544785818,Male,0
1.2485120042761395,1.039395053042138,0.49666473422737467,1.565950280237316,-0.1036154804304047,-2.1214886736701497,Female,0
-2.1793471244528173,1.3669904326788433,0.23320596398520743,-1.5042901160927713,-1.908028464827702,0.3324266165863641,Male,0
-1.3528099133374523,-0.7674210000716748,-0.8763847334453033,1.1415747520432118,1.096419463972224,0.7580459757188749,Female,1
0.5068859145449763,0.389600394794567,-1.2285985157038086,2.4159938002639096,-1.9832903292169177,0.5709023605412473,Male,0
-2.5433277002719588,1.137706202714778,0.3495949993602971,-0.7233314197138393,-2.1195872169219325,-2.9184110599603614,Female,0
0.624331089362818,1.2128209850318663,-0.5034355591611999,1.7892688411527828,-0.4954337293511506,-1.8987726916058625,Male,0
-2.226561475597646,0.42962494063367457,1.3651487618920815,-0.45968631358823564,2.2748513404533472,0.5813282343586771,Female,1
-1.8491134326241643,-0.5706713486133254,0.734218218708196,-2.0152921559669705,-2.9714852733687533,0.7848853107063642,Male,0
-1.4859925315721352,0.8994350407557219,0.7445840271996791,-0.9167814389151839,-1.0248805438699526,-1.1517960899419661,Female,0
2.054258543137591,-1.3760422637893543,-0.33960163448836717,1.8262823940076625,-1.2355468498559574,-1.8338631834510206,Male,1
1.2170278851029406,-0.036813506178282614,-0.19847651507575567,1.4423552264594706,0.9645682845212442,-2.095612580822804,Female,0
-0.439282350421058,0.20526689360108463,-0.2622960121898327,0.8818063956841314,-0.04383374795614792,1.5392025087835162,Male,1
1.1513274938495128,0.10393883414889918,-0.579052547947254,1.4445395349134211,-0.6554506238078672,-1.2234103900687796,Female,0
2.392482476937454,-0.002166453227886297,1.2720589823398831,0.646342290261706,-0.01944636522273735,-0.695736722848592,Male,0
1.5930762707255037,-0.13388892656571572,-1.006979473446641,-2.035121452741158,-1.0299770233737826,-0.9216085528040897,Female,1
1.0778146478855386,0.7260034325676684,-0.9406448976409142,-1.1253478854901937,-1.091716232290599,-0.3898662474395871,Male,0
2.2706811992368774,2.0458172880882857,0.771038919953255,-0.3715773875141266,-0.5138696387506162,-0.7218686066957111,Female,1
-1.849054959562865,0.6170301703206962,0.3673886906306303,-1.3977499388215036,-2.66600554384471,-1.3496868136248756,Male,0
-0.8991089460298781,2.2567513964341175,-0.30742344459825993,0.05619455088894698,2.4962133553007675,-0.49767696541914397,Female,0
-1.521421206762156,-0.41105779186704344,-0.1309492221844728,0.7637508390456944,2.9570702239178477,1.414130122367838,Male,1
-1.6821132779222892,-0.198640259656028,0.6329676506008086,0.7289254632714648,1.0524632688273277,0.41359133042112495,Female,1
2.1969699794500843,-0.11224746695165881,0.7029537919068678,-0.35926484723539065,0.25995264070214663,0.34088577693103117,Male,1
1.1484273247986994,1.1408554956216552,-0.01849258839304812,1.430451579974108,0.16324313092516762,-2.0600399144830783,Female,0
0.9786332654705873,-0.4376082567569663,1.0587438299148093,1.539604602513334,1.8320044224828869,-2.4954098594987935,Male,0
1.5862488681635531,1.5169467897086448,1.3511359132612295,1.289911523929613,0.558670433093466,-1.588486213726659,Female,0
0.22356288190827622,0.9557079561210825,1.9190008932186058,-1.7603177604606075,-2.055916402893203,-0.012541305001103176,Male,0
1.7329507908055286,-1.6523670157038093,-1.475037198340117,0.4243229825513425,0.20263188315828384,-1.850591683892022,Female,0
-2.276319741307468,2.467203710812492,-0.9923582864905137,-0.6512744036023634,-0.3546609445902694,-0.910430107222358,Male,0
-0.41465630709969403,1.1145162842184595,1.113948633215661,-1.6621035683099024,-1.625360298871488,0.5316237080542581,Female,0
-1.8289267515125287,-1.0170366693914479,0.9412578547947976,1.2910417131469258,1.8854815721111908,0.9871138138280584,Male,1
-0.17386000570772375,-0.8474296921179458,0.538806211751954,0.06980061104957724,-1.7245457850456938,-2.8400743963348196,Female,1
1.2127156251996676,0.4603298731798137,-1.3495488481743696,-1.267251541482358,-1.6319751925669648,-1.0734721587281306,Male,1
1.6484232069383045,0.4486897683389067,1.556049439477057,-0.2509407349916567,-0.21227541423200513,-0.3923843194987371,Female,1
-2.789342459345237,-2.590545973120058,-0.0489651890222238,-0.3956338678298045,-1.15014311828957,-2.70332557577735,Male,0
0.7099351703906631,-2.3216304066999154,-1.0656997173554419,-2.329856274915075,-2.393963000000811,-2.03167225701223,Female,1
1.3893440811938285,1.636825690112449,-1.0058126703621093,0.5979691592078051,-1.71142799428952,1.937569447153233,Male,0
-0.5215855086214365,0.8395935456672053,-0.9688316315467529,0.19046367861736502,-0.15803538029543907,1.1565359178599326,Female,1
-0.35770286682705765,0.8510692140206136,1.5005713689626685,3.100172701961187,-1.6873529658382567,-1.722518708292578,Male,0
-0.8025494614329025,-0.6166050540454969,-0.37617660278168846,-0.9624775414157146,0.4133310703328965,0.6974181497148411,Female,0
-0.8322780672928842,0.6714806010069174,0.661422784083347,-0.4364876867799866,0.23734291300123056,-0.9425529326374102,Male,1
-0.8892901621835921,0.1609789471789995,2.533516165346526,0.2455895998636145,1.1513169298312225,1.5542564267419836,Female,1
0.6720531275861987,0.2926513874005982,0.00799689961726585,1.103493478682278,0.04971623894625621,-2.556363997828286,Male,0
0.38594862382616335,2.0773799955912433,1.4212829829524993,0.8182920637236513,-0.48623486227875556,-2.1811611793325607,Female,0
-2.767478264952759,-0.18533712281575823,-1.741069310062649,-0.41344939937543934,0.1894327829647673,-0.8439041705013725,Male,0
1.5265689480985594,-1.7649203841448429,-0.29384703634710596,-0.04901681256419588,-0.9532997355951057,-0.5459087496370101,Female,0
1.1033176069171122,-0.10412415422452258,0.7797554962888209,0.013071200363863777,-0.6053087944958767,-0.588893821209928,Male,1
1.1967048112603247,-1.0173336567547735,0.03240144136967392,1.4619498680522893,-2.539558084296412,-0.8556564245432265,Female,0
-0.3495781161794972,0.14534580275063477,0.6164364225217362,2.151497817127635,0.49006804682089666,1.1629438935668428,Male,1
2.0811886144196854,-0.7931253451671499,1.0608136862553892,0.8517451562468079,-1.3937971209312994,1.3719748918178012,Female,0
-1.773222824636139,0.7505361154353056,0.6982208361354789,1.8510707982993364,2.1718108462032912,0.6257844869656315,Male,1
-0.8665669655526196,-1.28976558176506,0.2669869855276509,1.3224589566645153,0.8348299963753425,1.2886153237580555,Female,1
-1.4302705051926508,-0.9033434862969979,-0.08922545291666428,-1.3414141918180937,-0.7932579571969851,0.8563727971683781,Male,0
-0.41081278607771776,1.68354649877845,-0.5271213854151164,-1.8605659567347947,-2.270569812469054,0.37144561016307454,Female,0
1.6203658797303908,0.7579053961110119,1.459107157301978,-2.442590486126739,-3.812631753674243,-2.449001767314382,Male,1
0.20626939873249261,0.031022936999807037,0.6235221029507587,-2.1046366281035214,-2.690875261349949,0.5588511415261235,Female,0
1.3736570843917464,0.354617568017944,-0.044954586772383044,1.0186089810579124,-2.0290229915601357,1.1131977607892165,Male,0
2.415276977889077,-0.23623613149791714,-0.5280338385633047,1.4459633375805656,-0.025644302619890702,1.452925415763434,Female,0
0.9908170899525585,0.41886474740898055,0.8638798216688371,0.23378410888103485,-0.5435713081274873,-0.1393913304637716,Male,0
-0.7443084324838389,0.9830827052059001,-0.30872115327850763,-0.8464127327339394,-1.3546846966609833,-2.2419515330865236,Female,0
-1.5251403773113306,-0.8039723988069778,0.7460881195396843,-0.9564422777369134,-1.1271857510755674,-1.099267853760538,Male,0
-1.2175202182364289,0.20764933540409175,1.0599405560591506,-0.7261470862414237,0.047449430025157335,-0.563169741563504,Female,0
-0.5726662040553165,0.2325949082278164,-0.21975049584272882,0.9502136235043471,0.42339229442287374,1.2537030808860148,Male,1
1.6172622214147576,-1.0992282503581436,-0.3518241723372218,-0.14953128100975888,-1.751088425242388,0.3930934978690479,Female,0
-0.7465652914424725,-0.7290791631026989,1.0479129691305784,-3.0265582798615664,-3.7224050870703445,3.2449398077919662,Male,0
-1.1782682914452587,0.6481372699075333,0.7558549597599394,-0.3517872986988684,0.1650951414441706,-1.8640080882024783,Female,0
1.0146887627743202,0.7380803749096508,0.11088947888776789,-1.3429991092891547,-1.2690476439025635,-0.9754657902978041,Male,0
-2.285329461244637,-0.8386895237038932,0.4028217210829767,-1.2121873427766874,-2.2875545333106704,-1.3044045066574863,Female,0
-1.23260312601693,1.4703207720364857,0.3254317585362977,-2.06574718571563,-1.317505319966596,2.9060386774665803,Male,0
-3.247278740318508,-1.3767297025036298,-0.4642210974332259,-0.35868560929533344,-0.5458790597604164,-1.8920644131089195,Female,0
1.5608531635577627,-0.8201217200962095,-1.9357655472112385,0.3592289562155736,0.5822456633961199,-0.982664521848176,Male,0
0.4122541525746968,0.1317198895343158,-0.8988606069585929,-1.6330159059667948,-0.4857146556973677,-0.7892567249309514,Female,1
0.07711481842480294,0.019154915057859004,0.22970074716785507,-0.4230328472103879,0.964423252263017,2.109311924624834,Male,1
0.42428828075314295,0.33014261578907306,0.8943678872123748,2.2270035432679243,0.3853731376202707,-0.39971203988038917,Female,0
1.636288348967565,-0.3548073501842204,-0.378295274261212,1.0691287500631423,-0.4470671022690659,-0.7364013825383624,Male,1
-0.16751622590755966,-0.7960160652158775,-0.5596626897839663,-0.014892279330644964,-0.21308074749556694,1.601592290115048,Female,1
0.9704861039097222,-0.013172988522326835,-0.19052836766367762,0.3719010065529931,-1.0959563175396834,-1.1698589444899756,Male,0
1.2810742525461436,0.5919846851245532,0.8950086680601209,1.732246207196898,-0.7093481402277132,-0.785286938086538,Female,0
-0.007716278626837103,0.9886805603447387,0.318105056052626,-0.09712980005143468,1.231185204606103,1.6842542056650451,Male,1
-2.479275554751455,-0.6152291907079231,-1.641253202359863,0.9143315597512358,1.7006017336333268,0.466682628659439,Female,1
2.1139017314380943,-0.025008706309041482,2.1056770663406312,0.9875187387435904,-0.9762431170747383,-1.8335152878575922,Male,1
-3.581516820544316,0.18481327076418536,0.4604197294400478,-0.8252514103412865,-2.2784822280482677,-2.1664701675508953,Female,0
-0.594487679790936,-0.24134377440650479,0.1684019569354735,1.6360235398881153,1.295856708919549,1.262379914397301,Male,1
0.24724226659002047,1.0510951206993302,0.8207593039813063,1.681557272605028,-2.0056045554266744,-1.0129849437595602,Female,0
0.861672682518092,-0.20462175126486848,0.004813307376784878,1.8407261784473512,-1.7336165259029568,-1.0013866427069746,Male,0
-1.8938213334346101,-0.6693860527711348,-1.0204045638322368,0.036428422534011906,-1.6146025536006863,-2.718589002756606,Female,1
-2.559382504309162,-0.2548998448684591,0.4436139226821785,-2.106932659281682,-4.806029393446359,-1.0280270921230217,Male,0
-1.8893450464942396,0.39770177050729577,0.1577507810297153,-0.2890496216584313,-0.7018754933267173,-3.0135948498701,Female,0
-1.408367024782124,-0.8466117091333288,0.7312465066704062,-0.8872388098886254,-1.1840069989458744,-1.5037304881174602,Male,0
-1.7534446386057088,0.17259410391486618,-0.44272505218466185,-1.1070545851000209,-0.941359424595652,-0.18770997733746586,Female,0
-0.2799571997268404,0.010175070741430444,0.18494228287440923,-0.6079814612251688,-0.7770713373969691,-2.6114081003940766,Male,0
0.6068976074994363,0.697065274014387,-0.23916638006903776,1.4875810188236338,-0.7875051168366964,2.695879739992205,Female,1
1.1234417252629438,1.726626506496595,0.10379718109609347,0.11577888030147654,-0.9033076155018664,-2.3657001955041954,Male,0
-0.24854914756049307,1.5609497990990675,2.035032701365911,0.8963093312512552,1.2596504296023665,2.1100344839437923,Female,0
-1.348667494316387,-2.5434981829554735,1.9871309706701052,1.941944741263486,1.207393714907468,0.8078033252273975,Male,1
-0.4783211255000617,-0.8658664371290591,-0.7192433379629661,-1.906438880914442,-3.575985063963609,-1.1760605114754956,Female,0
0.8416998444255382,-1.3208237738789572,2.2362836507959862,-0.09513677837795731,-0.4136597318005638,-1.1193970492935656,Male,0
-3.555229082432498,1.0276776748010317,0.13110209068591813,-0.13119507061362234,0.7760980623901668,-0.7970751505472907,Female,0
-0.28778790168729795,1.4567099500617942,0.3118141834772605,-1.6564192633311365,-1.659194869758831,-0.1531343609869006,Male,1
1.4906417080285617,-1.6477981083840352,0.1694418308596864,-1.6876701560199823,-0.8325260507955999,-0.21889631696951195,Female,1
1.1204332743618712,-0.6473154083300372,0.21899252333399247,1.8084373734638075,-1.6800836625295497,-0.11927154974686216,Male,0
1.842959343857741,2.188056759288627,0.5319906076118036,1.6802878163396988,-0.7729155350444579,0.15190536531559928,Female,0
0.430990562196512,-1.153623990282676,0.11362445749432701,-2.0503685074766445,-0.36588872619252677,0.20591817254514466,Male,1
0.8548034761807096,-0.20892848687957735,1.2679221333318873,-1.4058401743148548,-0.4183738473287304,-0.9678606167273615,Female,1
-1.2478100445931146,-0.7413932766302571,1.6608024019379088,2.036975276168734,0.4676880848688928,0.7376665927765631,Male,1
1.5147428933544622,0.8100806519091857,-1.0778741029687253,1.2442252175492252,-1.429600523308634,0.566160870066539,Female,0
0.7110243997273713,-1.3454848362522223,0.6820595085768006,-5.170027573487646,-4.9667795119245906,-2.7307963732255134,Male,1
-0.9843039573151224,0.34828933009975854,-0.7324684570116543,-0.3403956301657709,1.678994759468211,1.4008341174610137,Female,1
-0.1851314765369917,0.6771468663576308,-0.24530054133253051,0.5090523376649017,0.06856133247794316,3.2868291863518726,Male,1
-2.1990792801537604,0.04293224521441284,1.3446761201021329,3.3621563943004706,1.3459275855251027,-0.8722246498501152,Female,1
1.6797178077060708,0.6195664721781072,0.4107306632690933,-2.537553724096375,-2.459307654717127,-1.0942098554984012,Male,1
2.6290934433750204,0.5726081079140996,0.34869045175724583,0.28385662000075973,0.8975248418230541,1.4359866443787555,Female,1
-0.8178519691240056,-1.0954334572945867,0.5460735131371113,1.805649649363985,1.7755099163614965,0.8804544386632079,Male,1
-1.2178437478406656,0.8375078724832392,1.3068740958752738,-1.3131202655292455,-1.8672280893361455,-0.8981749736847509,Female,0
1.1855575151675188,0.4261195264046615,-0.18319134571712223,0.3285983390406757,1.3409812815806257,-0.2015775021833438,Male,1
1.2781515480303212,0.04172271121569786,2.562527659332516,0.47215181963332586,-0.8688375675586361,-0.6978578756867188,Female,0
1.3099228955153595,0.5373156575442041,1.3343503259492993,0.5570076469051464,-0.4933106656929739,-0.6953568876747924,Male,0
-0.9958705524388517,-0.18078436389549102,-0.30656944713385026,1.4239608037123963,1.7877156700854384,0.7986881449390002,Female,1
0.6890928824807391,1.075393445646077,0.3631193416713573,-1.384954961234762,-1.6461980896076205,-1.096493242628503,Male,1
-1.7513098613585452,-0.21754074858394365,-1.4890003551239719,-2.0712971171555132,-3.790893509005685,-0.14811239588464986,Female,0
-0.5806258889595598,-1.2062713092828017,-1.2802684093629393,-0.9757605181370095,-0.6706753712576086,-0.8235322286861904,Male,0
-0.47159116464283257,-0.878270073673366,0.9619566195553785,2.461947923499059,1.2158365900027566,0.3072375280587307,Female,1
0.3691812126826588,-1.2181079715493217,0.6535019520558621,1.6528653131251883,-0.2767995592545942,1.865875719178089,Male,1
0.9526636738184825,1.3693876725962943,-1.760578594241603,1.0250564094774879,0.20829164425595859,-0.05086706419644793,Female,0
-1.6205470380772975,1.2431834372143582,-0.8988131880349017,-0.7917767076755214,0.11011277500420191,-0.06455499407849752,Male,0
0.14089538798685197,-0.9997528010881317,-0.7835221841353823,-0.14316816804041332,-0.07528886493715037,2.3647553228447853,Female,1
0.7064327490799762,1.1841725276601456,0.2997745637215646,0.34746953843157424,-1.8569879825528794,-2.647408873450596,Male,0
-0.5693432208360372,-0.8135437543979207,-1.9355846795170613,3.1199318775679092,-0.007960247659478226,0.8581987469799428,Female,1
-1.6450300930794506,1.4827147941724148,-0.48107355738448426,-0.579993443303164,-1.001976173380987,-2.365647439643726,Male,0
1.075815612270707,-0.8667229746284533,-1.225767816757602,-2.149291758354617,-1.6192196739022586,-1.165933214968745,Female,1
-2.065109837426644,-0.8600133615785398,-1.030014575863108,-0.6404258531429545,-1.856795995464843,-3.0615390393390105,Male,0
-1.893370850007088,-1.3819953225931907,0.24990170911772747,0.7598621721106423,0.8379269997009638,1.091548346301568,Female,1
-0.027281271435341647,-0.32483237366931933,0.6563574506292909,2.5562103057480057,-2.455219562838084,-1.9413310099152201,Male,0
-0.1514457324032097,1.0545935162270592,0.1989026621503274,1.3341431137274122,0.5024621866712751,-4.00156692357519,Female,0
1.2820188895081035,-0.12818546958576715,0.6597211996563939,0.4934894519195453,-0.6223379554952856,-0.2431389265523819,Male,0
1.4957357235306663,1.3668364606054457,-0.8442790185229957,-1.506410739741559,-1.117722326369599,-0.32550020691611736,Female,0
0.9423516163987543,1.6405335708923698,-0.655578997329579,1.375872157487148,-1.865343643825284,-1.6300303246896926,Male,0
-0.7005721972581067,-0.08456299914380815,-0.6722782721875988,-0.856681762558306,-1.6604920427379737,-2.624943357234006,Female,0
-1.7303411482505684,-0.09843898615563221,-0.43396614207281087,-1.702639961362752,-3.1574706239413572,-0.7850386959282761,Male,0
1.126965035325689,-2.1654815857130014,0.3046362963480508,2.767514533580328,-1.7503888164128856,-0.6989191715859255,Female,0
1.1934936946822572,0.19356939925357777,-0.6026858478277888,0.08425316530829652,-1.1647393244118245,-0.19023403209347323,Male,0
-1.6513230871670979,-0.16719614307235198,0.666166065471662,-0.6788494988868241,-1.253459945562466,-2.3321193260166235,Female,0
1.1597682884123297,-0.5083893712580683,-0.6607420360353083,-1.2497846855895918,-1.8990580472775926,-0.8529373440719432,Male,1
-1.1953250620172249,0.13119009034388346,0.08642851707843523,2.5990436856048595,1.2079667459830454,0.30588048372903076,Female,1
-0.5789703223545357,0.2827886964836766,-0.29071074335321945,0.5340193454264136,1.98604183171006,1.1516954413217007,Male,1
-1.2616182507861693,0.18780254789108838,-1.593717015351033,-0.9877523452339058,-1.5033976632086787,-1.611864954718428,Female,0
1.6791719316415836,-0.9420659015623665,0.4540138017167675,-2.645085318754357,-1.2970515939395466,-0.2534735385105239,Male,1
2.4535695465719307,0.09626077640338242,-1.4438895774639133,-2.8830790121532583,-1.4024314246396838,-0.3053805286549359,Female,1
1.5552908981133418,0.8663199502620572,1.6076409211162175,0.8545248440593101,-0.00894659122219621,-1.1935705093020927,Male,0
0.724870287554093,1.5511550445957039,-2.1663808434157783,2.4491886543925014,-0.718283617192436,-0.9758714248573868,Female,0
-0.941699676975934,3.495877789600099,-1.4634059584266885,-2.1578265818537212,-2.52133490053051,1.4585546234622329,Male,0
-1.9259859721886015,0.5196144598478016,1.6283459593913616,2.2218973146552474,2.3125434331008257,0.47882529274296703,Female,1
-0.293597128563698,-1.381109755914747,1.3851489252123237,-1.5209601215093778,-2.8173751928123876,-1.7633433879363967,Male,0
1.1417558298264934,0.935392053798128,-0.2040932970155869,3.532491822230529,-0.6372955550345865,-0.08026280412718534,Female,0
1.5801025011924028,0.11068240565582617,0.12569982217698403,-1.035659958066631,-0.47949405155065206,-1.0578144819419608,Male,1
-0.03526968174421852,-0.9965927363229516,-1.2323211470374407,1.3488766549727877,0.3414208608974775,1.984717945409094,Female,1
0.6692692532123052,0.6403971849116776,0.1489719493272099,3.609029420818403,-0.7423456161986677,2.398215106145611,Male,1
-0.950158482182822,0.264644005121289,0.9481214391006447,-2.0187432640022394,-1.861111635412528,-1.2589294349219096,Female,1
-0.38310912957780163,0.6546541629080077,0.18465277590460072,-1.7677120833168019,-2.276148068364035,-0.02634513133501859,Male,0
-3.7730904783217447,-0.5937953222563245,-0.9657574156062594,-0.05947596366259944,-0.6935426835740612,-2.919757597758249,Female,0
-1.8205816241803683,-1.3883901407716945,-0.2172836969368236,1.3463515842475777,1.9490565062538294,0.46684307904450784,Male,1
0.3608909038223145,-0.6642241813532244,0.8815997459782084,2.5226535651730355,-0.7122096914386356,1.3155560647136044,Female,1
-1.4152270185878146,0.281735063829374,1.5683392760301245,-0.9162816943374629,-0.2896194223056321,-0.1607686942079668,Male,0
-0.31798182533368746,1.106850182189822,-0.11405917237235645,4.020204803488871,1.35904405599043,0.7873039463659801,Female,1
-0.5005205120836276,-0.4972676139223384,-0.6409043492480827,1.412907306654507,0.6202341510955726,0.749136912617947,Male,1
0.7943949346057492,-0.18319391822192532,0.6511614606523132,1.3116565181400526,-0.9546396744111403,-0.8814146034648996,Female,0
-1.6396831658752087,0.415976621217802,-0.7979934021814765,2.099264096085003,0.5079275993589234,0.3219384940112563,Male,1
-0.667641245875066,1.5457122976592172,-0.749143264693601,0.3628317544975077,0.4786108495616892,0.2678336653388079,Female,1
2.0940738853444594,-2.7610619661559896,-0.4167026002343339,-2.05038793591274,-1.3187457149907347,-0.35595368285576034,Male,1
1.5576977587390117,-0.7705679143861808,-0.40073556918739084,1.426087653959997,0.1607873938165154,0.4611544560694456,Female,0
0.5042405727667656,0.31206959779496757,0.14993167006339106,-1.8239472744064873,-1.965572956179602,0.24861236001017661,Male,0
0.7128597596001142,0.8011640198239227,2.11087263702428,-0.41582132644613634,-0.5269541657176882,-0.7345118651049041,Female,1
0.34184557883789823,-0.8056053984262593,1.0121364609085306,1.0847854151746645,-0.4052508241798092,2.1505615965395783,Male,1
-1.2119035440997794,-1.567329153524528,0.3783471956072637,1.1884620567077422,1.6279650806413914,0.8308483940763043,Female,1
0.3514677344723337,0.9674877492386388,-0.5609352142237467,-2.742148579476225,-1.587176304731317,-0.9841247718637505,Male,1
1.9535890426774962,0.7393058408322967,0.8163391559383438,0.010164207793619928,-2.126984315283556,0.888686399393577,Female,0
-0.9572586355724162,1.368129807708867,-0.3562902946047844,2.2892945976187242,0.010195407999524564,0.007975228558238512,Male,1
1.4398169783376475,1.4344668693460538,0.25713065241862126,0.9086375297569279,-0.3819311895057069,-0.8454233470581808,Female,0
-1.4439344926012836,0.1744592948367024,-0.8362881187253874,0.9723841077150204,1.2838423210251664,0.5682064522854671,Male,1
1.0111489476494158,-1.0935571458882358,-0.8224709128492901,0.0938079149932236,0.7480612107736839,2.6767264049760993,Female,1
-0.7855723441711528,-0.24091124509361989,-1.5456501396999585,-1.0816471225571536,-1.2959886525171753,-1.1431458486212978,Male,0
2.0507037559002512,0.0438749637607155,0.3786662342514116,0.5480618359873415,0.665738365453848,-1.0606398754006832,Female,1
1.596485439039778,0.4753660343472122,-0.14634235365483608,-0.23488085068246822,0.38414175101313,-0.4047311935721225,Male,1
0.7943558971702802,-0.21795205326864608,-1.110652196249686,-0.8382872262058884,1.0961126221184485,0.3297739837231841,Female,0
-0.42319283977881605,1.42025693244196,-0.5347156078106451,-0.22141144534167123,1.687604755437695,-0.7411978274801035,Male,0
-0.3142367647192059,-0.26095483295925803,-1.2877754452982377,0.2559355917868673,1.0781013297872901,-3.481941628016873,Female,0
-0.2438530592543633,-0.8859543132945961,-0.09117423351856317,-1.6829192835380677,-0.7940339137807447,0.09336417230464522,Male,1
0.04946926974881727,-0.3247734732791751,2.3003956426851713,-0.26835564650664756,-1.5066243443393859,-1.7508149559467003,Female,1
1.1327851019275126,-0.35884641691291935,0.05662845181217025,1.970788778862728,-1.5057253709558869,0.3271462936244922,Male,0
2.07840463824783,-1.6550629923331868,2.136559128802725,-3.1627869041685464,-2.244701415526306,-1.0771073339017778,Female,1
-0.26882945696935057,0.5032846688166488,0.8130736316294986,-2.0297579632393283,-2.7356709208658136,0.38459035986516854,Male,0
0.803802395480207,-0.8009807933177084,1.5064217220015799,-1.7898505818238895,0.9274174909385153,-2.1321368529585953,Female,0
-0.5668477249669559,-1.3824599249460918,1.540785811994749,-1.6544227248735357,-0.9580153086535794,-1.542234159554287,Male,1
-1.2142003336287532,-0.6368264497233397,-1.8577198613577113,0.5119822645465892,1.6617456891645834,0.8226201768406747,Female,1
0.04706407986056904,-0.7773900758589046,0.6933246903326009,1.1226921572483495,-0.1994741264066069,1.6197174194472672,Male,1
-1.8281122688128857,0.5387289760525086,-0.21127525515031384,-0.6395115972550245,2.619453015655891,1.6908658900172693,Female,1
-2.7160494039946714,1.4939381997983447,0.5279026489428972,1.7190387503121496,2.5658658555936427,-0.3074945768920261,Male,1
1.2777040995669773,-0.036595862562551394,0.35597712395974557,1.4359849167834544,-0.3645745385012018,-0.3335096762935654,Female,0
0.7969747463696649,-0.7820238651074395,0.00276183588393645,0.3976944801692339,-0.09327895794580077,0.07130041538062692,Male,1
1.9947944838382665,-1.2915111010958051,0.42709731679166757,0.19096122282583772,-0.23131107033265885,0.17258458207413696,Female,1
0.9310324280595095,-0.7055540917782499,1.008001947245045,0.7649853942183665,-0.7482630575330336,0.022115412498898257,Male,0
-2.5749922170078814,1.2919466965668656,1.3488294204391502,-1.5290654955820977,-3.1696911170219395,-1.1608805618081464,Female,0
1.4154167459374827,0.35034177922839693,0.29785609420602127,-2.4426079968150294,-1.449628916222328,-1.5035473887133477,Male,1
-0.6015799131026633,-2.36396849425218,-1.0551784721031583,-3.1717969126711094,-1.2952365714151415,-1.0381162109642899,Female,1
1.5051580388263721,-0.4731700706360385,-0.030570163417495192,-0.5467920256118823,-1.2307736290579467,-0.898170789307699,Male,1
-1.776409916421962,-1.5048759928291267,0.12598395444891058,3.38324513398805,1.0905813280448489,-0.7705304682695544,Female,1
0.9037847278314729,-0.07609676861195927,-1.217396118989266,1.1266565005716045,-1.6764250844442454,0.044331188303661895,Male,0
-0.6430998548523219,-0.9962320562225203,-0.06154327388004871,-1.2732041357651398,-2.317280796036113,-1.8694235965010124,Female,0
2.257741795779914,1.4617381335348938,0.16105147859658853,0.6136000054186428,-1.5318366262384087,-1.3157331821748348,Male,1
-1.1572440091847738,0.29837745260117915,-0.6349069197424152,-1.1224494323084666,-0.32611410037045574,0.49663682643833784,Female,0
-0.01915395977376999,-0.15650703083537273,1.3083158308914355,1.7536462206725982,-2.3390371853720704,-2.332368850034877,Male,0
0.4250149606160387,0.07592053425948668,-1.6100714474143767,2.244977996505475,-0.5536725636889128,2.653248024022643,Female,1
-0.6678050375719595,-0.8699801924749085,-0.6596263010599115,0.7676532499959694,1.0891617040695747,0.9776059034001472,Male,1
-0.19345673465756752,0.9167449190592203,-0.6927314644886842,-1.597010629432439,-0.5015001548589471,-0.7880252199212857,Female,1
-0.07117317407521118,-0.37732151011826054,2.0258070919112505,1.341196523924922,0.761765660555091,1.08191061784709,Male,1
-1.0622333878146253,0.8810715736226133,1.556000571839204,2.236069660327006,0.8521198815949393,0.3663625644495617,Female,1
-1.6829582008730337,-0.02809031340802223,-0.22012368028997004,-1.4941479734398202,-1.814947045287828,0.2414904032684282,Male,0
-2.1131674419861133,-0.8224315772548629,1.3169588366867038,-1.2978629534760047,-3.170016901154159,-2.279025362334144,Female,0
-2.3263904018936277,0.7757672174031766,1.3720614239496856,-0.7509712625832103,2.5586417324223416,1.2908654971360793,Male,1
-1.7611951751139583,0.08070662638674134,-0.6311897694433802,1.8957650009220846,0.8334416539756606,0.18214725376125096,Female,1
1.0066408487475318,-0.41138983002749074,-0.4840496363870183,0.05737322566369518,-1.8500454389462329,-0.772446997177521,Male,0
1.770315363754254,-0.16577119760145495,-1.0817474872988404,-0.008940753338373852,-0.4032141730306663,-0.5026474544021636,Female,0
-0.7842310228446445,-0.1701796665065516,-1.3140673085340397,0.4365373181479413,1.5075255497217124,-3.4195748693468744,Male,0
-2.4468017322772373,-0.14730039725501845,-0.5326609725087593,0.262792554109493,2.8385203423959062,0.25886064666500674,Female,1
0.7927167688053589,-1.1937109876608283,-0.30134644969155117,1.9924743306877417,-0.7345586402155488,-1.4794696252599644,Male,0
1.3191190173701828,-2.517143142096245,-1.3577908952578768,-1.053391455041135,-0.7561853018896675,-0.8193348250918202,Female,0
-1.8381228670481113,0.8537246722572774,0.23632590272777546,-1.8567854605141514,-1.9410725320664661,1.4975716706245055,Male,0
3.0666157908032714,0.18716402048616199,0.22992646789343035,-0.9172564030497768,0.1182146095310741,-0.1629814941848703,Female,1
0.016479126413239564,0.47047365611673203,1.9478167872543153,0.5495141903219978,0.9857043895630808,1.4505238085993957,Male,1
2.261926896122178,0.5871376842128475,-1.1284736297475466,-2.117888822237991,-2.2029919533959115,-0.3106921031371407,Female,1
0.8395733897562146,-0.41500158233511925,-2.5297162106054607,1.4902804764634676,-1.8565885414586027,-0.3973975576631218,Male,0
-0.8126393567401329,-1.085456076896216,0.7084210428945821,-1.9618756062309637,-1.9858197381333498,1.365794804900768,Female,0
0.8326665540914608,-1.452795895888346,-1.3971579982180775,1.8698543778010992,-1.9367523520822703,-1.0963573018020782,Male,0
-0.9661741758938247,-0.4399629124065766,0.5496994183110051,1.2961214409500645,0.8622638449686484,-0.04464893489197408,Female,1
-0.7032671069968561,0.2294032478314346,-1.0811371127976614,0.5241445421263068,2.4511546057232145,0.5943341678594873,Male,1
-0.7140361097050132,0.8645299085407953,1.518886581452663,2.9357985016039034,-0.3089599929247351,0.7741828222951852,Female,1
1.057454955196221,-1.7581930072759717,0.6384509351645649,1.8021762562303938,0.4578938693946937,-0.4353677758384976,Male,0
-0.7978707557473002,0.5363778526017037,0.36656575719312195,-0.4840990663763628,-0.5852421737780364,-1.6190812754811659,Female,1
0.20866145935823155,0.56568707966939,-0.0607314103854932,-1.0980068300584809,-0.46580824016138733,-2.3742288351037377,Male,0
-1.3511073638349824,0.953671678165781,-0.044764807386507684,-0.681460175440922,-1.9106258895500687,-3.353712287188926,Female,0
2.6613299698407507,0.8560592234970398,0.9577897351368669,0.3894838316665279,-0.16582379150952975,-0.28287799233906696,Male,1
0.602191861073738,-0.3242360108482005,0.8029239690806602,-3.6410152114810734,-3.724256714700109,-2.4117593275030242,Female,1
2.193291135125908,-0.7093787075578609,1.876173413227712,-0.8062187266040718,-1.1099724848384935,-0.6804379975221823,Male,1
-0.7610732404666711,1.1877191771664013,1.5355623779154153,-1.036694377284602,1.0430498526694805,0.5170366560311381,Female,1
2.249717394945052,-0.2458499789779966,-0.614236618548697,-1.3363999741554216,-1.9228394966024098,-1.2978721154878818,Male,1
-0.30866618690401393,-0.05461267405809275,-0.23989891708016095,-1.7406897879996641,-0.7824206705867944,0.053954315636213,Female,1
-1.7835660590679563,0.9034490360911002,0.060608835674933005,-0.8350848287928111,-0.6172351986815064,-0.7439690312365196,Male,0
-0.279348548673658,0.27319919902204376,0.44319865991572976,0.0942405951199693,1.558947531931552,1.4960500527453067,Female,1
0.49816887594532777,-1.840329036234172,1.6101715293786063,-0.8497390827776181,-0.03438357361642663,-1.0092463110633145,Male,0
0.3104252058985133,0.23394745213453977,-0.38267843755186814,0.2914587943540926,-1.6907964384613725,-2.307895097212854,Female,0
1.9875575172499649,0.3728329917986322,0.4705147617608019,0.8811217438796284,-0.33932884491876514,-0.10951859639179184,Male,0
-3.1928278797081546,-1.7783509672653808,-0.6549459608026902,-0.6755571080384433,0.12566392323647113,-1.0575856156950518,Female,1
2.156679542560277,1.4461946654953937,-1.3888915541730793,0.6653054093649418,-0.42809285023451216,-0.4360350325784641,Male,0
-1.4830859501421452,-0.644386928798028,-1.9949452858132852,1.675844709976085,0.3463774464354399,0.6615382375577281,Female,1
-1.2840667460815958,0.5198648520122691,1.9436030481831703,-0.18632700780593603,1.808651440043933,-0.21377156843271572,Male,0
-0.6875830562009058,0.2560548642832593,-0.32323796452209,-1.3623119040958585,-0.7377710364678522,-1.9521436393965272,Female,1
-0.5254474133332971,-0.8313994672674534,0.6975866003471783,-0.6204212329298706,-0.01495575062198995,-0.03748615726203364,Male,1
-0.7776602742352453,0.933783912872343,-0.3253628783514149,-0.6392589364924535,-0.2698604851665065,-1.494032277640966,Female,0
1.2970706710410438,0.22987220812393777,1.4798860999138403,-0.8297051807492422,0.20102417275557438,-1.1502678573858194,Male,0
0.25154882021992186,1.1219057109821344,-0.8184039305286839,0.9134253949532811,0.13029899564027436,1.4979292791466452,Female,1
1.062441352650751,-0.3682252752410914,-0.45973073137422704,-2.687425528074458,-2.5783506688808653,-0.9432041628616655,Male,1
1.5291341819645334,0.17367664613852624,-0.701337191602714,-5.0460597764542365,-4.539363154092545,-2.298951982885093,Female,1
1.3816787430746298,1.546090168234707,0.8111432591099114,0.9645066965198463,-2.4914130175334135,-0.5487518951016181,Male,0
-0.6792596644929012,0.31304970991314623,-0.03765994352544069,-0.42836875050589907,1.037668926684145,1.6308055727796535,Female,1
-1.6902323146911642,-0.4283452397058618,-2.0469346867227998,1.2411290842111922,1.104917429640571,0.6385314085343042,Male,1
-0.1828170801398522,1.0318679825348305,1.345803267362869,0.5784469096603502,-0.43867031520873834,2.3125445085859506,Female,1
1.0227629588358256,0.3224669010017471,-0.22306703548074155,0.9892207264794385,0.6486451352215532,1.359549626478966,Male,1
1.193948296683368,-0.6784854050250794,-0.03821102747132102,0.1543886053953294,-2.108423583997929,0.8854475015859484,Female,0
1.0881142226785578,-0.39231476873390336,-0.42251273442204323,-1.392044182093887,-0.2009839414956942,0.27469531531807667,Male,1
0.6948008922841349,0.0695480877572431,0.7225885016201056,-2.1278508711158626,0.3116987154866133,0.3905019830071994,Female,1
0.8775768143721111,1.6083893113571923,0.3549682547576656,1.6963010197315924,-0.6140926009199582,-0.7140502614984712,Male,0
-2.195489569902596,-0.003507992008540084,-0.9700039675090428,-1.6255809662887306,-1.7442064516112592,1.0422831729288897,Female,0
0.5870062940070948,1.2974214212897037,0.11434689130368872,2.3192592247658377,-1.0531636415006385,-1.2262494243589128,Male,0
1.4640903722010763,1.2319844712696357,-2.537388596069884,0.2992618075264768,-1.510092264000008,-0.1968972289042329,Female,0
-0.40050625325739164,-0.42850000482208533,-0.8204680929130882,-1.2395942008122005,0.9506357808582306,1.9535799424650322,Male,1
1.1735564343726408,-1.7187508928621646,1.2749891193000438,-1.199622584729879,-1.3047655167213468,-1.3128029250711195,Female,1
-2.136635597840466,1.669228754640302,2.4344086332376818,-1.4413704249318364,-3.0362973820062895,-1.5104276938013323,Male,0
0.3711162228904974,-0.4203951223616271,1.3626170266133677,-0.8424506018262926,1.4482643584530601,0.1166294619768311,Female,1
1.089856190643923,1.596048491395556,-0.356738563259028,0.6235953010426025,-1.1026741719889306,2.8002134615452805,Male,1
-1.0161612803558793,0.1849008169289769,-1.0529650784003068,-1.067365484800735,-0.863558268600048,-0.5482195792477944,Female,0
-1.611098534471323,-0.8339843541994671,-0.13929201177662912,0.663214903583803,1.4755484853792857,0.4159707769976009,Male,1
-0.6794735490418751,-0.5821115937904281,-0.588038578458875,-1.459485760319418,-1.8323318043734655,-0.4961577977160697,Female,0
-0.9629836450379339,0.7012555591767271,0.18160906625350978,1.8093479696839752,1.24478575434479,0.7490679125833956,Male,1
0.2137212548873646,0.15101229055781942,-0.28326750883946716,2.267583600511556,-1.0079125797028943,-2.2945076507441025,Female,0
1.4994382593673223,0.2020209369900072,0.21494016993893264,0.9677548963722211,-0.10804467036144905,3.1030749567541838,Male,1
-0.018179268952409178,0.6157007293625533,-0.5651736316059788,-0.11089715189089666,-1.2948341285228535,-1.8348374776929721,Female,1
-1.9692893644996294,-0.4300992037619455,0.08635531550037072,-0.5122653910503239,-0.6450080040230832,-2.01766273095011,Male,0
0.5414581024942817,-0.20899996069373228,-0.6405294565074873,3.0011852306564126,-1.9319701288114008,1.8632436001728716,Female,1
0.897010366410445,1.2706995850921912,0.630815849144619,-0.8221420327318749,-0.626350521429098,-2.077537235680338,Male,0
0.6127824144718306,0.23958888072416873,0.48415911893295277,-1.7830781601339347,0.5130172063310825,-3.1333465284278748,Female,0
-1.959841589508407,0.6776396884833475,0.7905013606617233,0.9610070159728146,2.0184211123180935,-0.23031156373076223,Male,1
0.419359526232125,0.23374717642291024,-1.0719749162741792,0.964027540210462,-1.8858226507817561,-1.7565769851318147,Female,0
0.31492598418199413,-1.3578224620375543,-0.32256478410197714,3.1377723649184426,-1.6717272175809863,-0.7063874838449912,Male,0
-0.5347935741744556,-0.6582734432013181,-0.393757316473212,-0.00808953679274993,-0.7437555640540365,-4.756124546816419,Female,0
-1.0806316460931606,0.2638517010739347,-1.524415338120977,-2.430126453902899,-1.0855176095522048,-2.325107738204644,Male,1
1.63045894784984,0.8842423057738108,1.1698009525885504,1.670145936499611,-1.5172753480592491,-0.6802668664261322,Female,0
-2.8742936102318,0.21991715060593411,-1.3260950590468563,-0.9269852446434727,-1.4645906169429006,-0.9611100049349484,Male,0
1.40744359423124,0.20205461602564603,0.6523887162435664,-0.46158006857351386,-1.382869200596088,-0.4699330112690008,Female,0
-0.8339537409284257,0.31170180213121856,-0.44876822448863096,-2.073317366659567,-2.1854587497215814,-1.6738128978546878,Male,1
2.2331978809604482,-0.9343516085785111,-0.6662387242582275,-1.0882963508783043,-0.0866064546662294,-0.9595347245185759,Female,0
-1.7460525745301592,-0.38369041958098427,0.9540138158473067,1.8282197722123568,1.3705509326521728,-0.2575868669429138,Male,1
-1.0432508836839713,0.060321914532972226,-1.323271023105105,-1.3687758777129433,-1.239726454610049,0.11819092697261246,Female,0
0.261199061424749,-0.9049146520560105,1.455060582481769,-2.5934144848645926,-1.6210189314053425,-0.48291390022776304,Male,1
-1.220344651926432,0.37348118773216055,-0.7087850802465393,-0.6410471214518876,1.2992431375839757,2.1336237119147317,Female,1
0.2473971869158389,-1.1859110092328462,0.34489700824991926,0.5230874266570533,-0.3628461710140988,-2.0995353846674947,Male,1
1.025311227998256,0.7018492854920929,-0.06195274609809678,0.2986110874813005,-1.9093587159738759,-0.4983948147306593,Female,0
-0.1844372744794739,0.25386120901458487,1.5689344956774955,-1.3820790819563342,-1.437258701123776,-0.45873797568806973,Male,0
-1.5993377817504353,-0.16850663093486837,0.1994879422774132,-0.19535283779145718,-0.043494972125918685,-2.622458095635597,Female,0
-1.554635851508873,-0.2637453878486052,1.0026509129878278,-0.03358811611582868,1.209711065199233,0.45300514029386085,Male,1
0.7113741212101381,1.0871951843953045,0.18183903720506076,0.4880842992058323,1.6976193365494248,-4.077018430452339,Female,0
3.2292526914060695,-1.0369510059749418,-0.04820608148706246,0.2785562339371346,-0.9100639964018837,-1.207660523590051,Male,1
0.7557544217054875,1.905941348457565,-0.46316761307279136,1.1768002573796597,-1.2282537555255097,-0.8799971943840961,Female,0
0.9226574091162432,-0.8366279292906311,1.5832255296925064,-1.7759028225757651,-2.1223583747679764,-0.3425342245801878,Male,0
0.45710499872310595,0.13727613567828928,1.1622007890407522,0.7169832866177568,-0.9902371236737116,-0.550757422898822,Female,0
-1.7274986749984076,-0.6498214781408206,0.1339599071656446,-0.1406012196718951,-0.3852569151738886,-3.2592393488753175,Male,0
-1.3832097264366152,0.21345301927981047,0.8287094352199172,1.6915338411777872,2.043633509685565,0.9704443497600116,Female,1
-0.08598342276862703,0.4615124050158089,0.9034807085406811,-1.072052551466986,-0.030107520230705065,0.16832058691181073,Male,0
0.043071384792830125,-0.7631488231437142,0.13575387991766508,-1.8973256073197304,-2.790474445015122,-0.35259433103688365,Female,0
-0.8102526745464752,0.06681488317740555,1.0769228252928504,0.5672151027258532,2.106500820324854,1.967427952920337,Male,1
-1.4485044419288853,-0.8590879423640695,1.1953361180028157,-0.8572420621789033,-0.8202882627274095,-1.1137445471147915,Female,0
0.6644290486280074,-0.1791497576634285,-1.2680142073833764,1.3061028618616521,-1.4765481764365989,-0.4612932243697627,Male,0
0.9805794718556979,-0.3453931546700472,-0.2748987578856162,0.5104900844333768,0.7874796586221513,-3.382712458200713,Female,0
